Nombre de billets,KNN,Régression logistique,K-means,Forêt aléatoire
100,0.00761,0.00268,0.00406,0.01088
10000,0.55792,0.00219,0.00629,0.04883
100000,4.65321,0.00733,0.02901,0.36724
1000000,56.45525,0.0591,0.26702,3.38101
