diagonal;height_left;height_right;margin_low;margin_up;length;id;is_genuine;is_genuine_proba
172.09;103.95;103.73;4.39;3.09;113.19;B_1;True;0.999104552778956
171.52;104.17;104.03;5.27;3.16;111.82;B_2;False;0.0003328161157792886
171.78;103.8;103.75;3.81;3.24;113.39;B_3;True;0.9964361664026891
172.02;104.08;103.99;5.57;3.3;111.1;B_4;False;0.00041363841335051443
171.79;104.34;104.37;5.0;3.07;111.87;B_5;False;0.00023077529945281228
